Nro.,Case de Prueba,userExcel,passExcel,deviceId,platform,clientId,application,authorization,codigo,codbody,rtoken
1,[Coupons - filter] Listar filtros de cupones exitoso - resultado 200,977137696,111111,PF0NGDtS1sn1qq7cv3UEE4beK8xGYEPlRzViLAAaBn0SQta,AND,7780216a-3ccb-38e6-a457-ace9052f0fd8,CUS,eyJhbGciOiJIUzUxMiJ9.eyJEQVRBIjoie1wiZGV2aWNlSWRcIjpcIjEyMlwiLFwicGxhdGZvcm1cIjpcIklPU1wiLFwiYXBwbGljYXRpb25cIjpcIkNVU1wiLFwicGhvbmVcIjpcIjkxNDk5NTgwNFwiLFwiZW1haWxcIjpcInR1bmtpQHR1bmtpLmNvbVwiLFwib3RwXCI6XCI4NTIzXCIsXCJzdGVwXCI6XCJTVEVQXzFcIn0iLCJleHAiOjE1Njk0NTM5Mjh9.SGMnphI5N4it4rFA6qMUUsVaDa_1PzCoqq9LkGYrJNZR5dcpEm5jS8ymyyelkTe1shatX0MVAYT6KQ6cAYEfrA,200,,
2,[Coupons - filter] Listar filtros de cupones con X-Device-Id en blanco - resultado 400,977137796,111111,,IOS,7780216a-3ccb-38e6-a457-ace9052f0fd8,CUS,eyJhbGciOiJIUzUxMiJ9.eyJEQVRBIjoie1wiZGV2aWNlSWRcIjpcIjEyMlwiLFwicGxhdGZvcm1cIjpcIklPU1wiLFwiYXBwbGljYXRpb25cIjpcIkNVU1wiLFwicGhvbmVcIjpcIjkxNDk5NTgwNFwiLFwiZW1haWxcIjpcInR1bmtpQHR1bmtpLmNvbVwiLFwib3RwXCI6XCI4NTIzXCIsXCJzdGVwXCI6XCJTVEVQXzFcIn0iLCJleHAiOjE1Njk0NTM5Mjh9.SGMnphI5N4it4rFA6qMUUsVaDa_1PzCoqq9LkGYrJNZR5dcpEm5jS8ymyyelkTe1shatX0MVAYT6KQ6cAYEfrA,400,GEN_ALL_01,
3,[Coupons - filter] Listar filtros de cupones con X-Device-Id caracteres especiales - resultado 400,977137796,111111,#$%&=+*-.*&%$#,AND,7780216a-3ccb-38e6-a457-ace9052f0fd8,COM,eyJhbGciOiJIUzUxMiJ9.eyJEQVRBIjoie1wiZGV2aWNlSWRcIjpcIjEyMlwiLFwicGxhdGZvcm1cIjpcIklPU1wiLFwiYXBwbGljYXRpb25cIjpcIkNVU1wiLFwicGhvbmVcIjpcIjkxNDk5NTgwNFwiLFwiZW1haWxcIjpcInR1bmtpQHR1bmtpLmNvbVwiLFwib3RwXCI6XCI4NTIzXCIsXCJzdGVwXCI6XCJTVEVQXzFcIn0iLCJleHAiOjE1Njk0NTM5Mjh9.SGMnphI5N4it4rFA6qMUUsVaDa_1PzCoqq9LkGYrJNZR5dcpEm5jS8ymyyelkTe1shatX0MVAYT6KQ6cAYEfrA,400,GEN_ALL_01,
4,[Coupons - filter] Listar filtros de cupones con X-Device-Id menor a carateres permitidos - resultado 400,977137796,111111,1,IOS,7780216a-3ccb-38e6-a457-ace9052f0fd8,CUS,eyJhbGciOiJIUzUxMiJ9.eyJEQVRBIjoie1wiZGV2aWNlSWRcIjpcIjEyMlwiLFwicGxhdGZvcm1cIjpcIklPU1wiLFwiYXBwbGljYXRpb25cIjpcIkNVU1wiLFwicGhvbmVcIjpcIjkxNDk5NTgwNFwiLFwiZW1haWxcIjpcInR1bmtpQHR1bmtpLmNvbVwiLFwib3RwXCI6XCI4NTIzXCIsXCJzdGVwXCI6XCJTVEVQXzFcIn0iLCJleHAiOjE1Njk0NTM5Mjh9.SGMnphI5N4it4rFA6qMUUsVaDa_1PzCoqq9LkGYrJNZR5dcpEm5jS8ymyyelkTe1shatX0MVAYT6KQ6cAYEfrA,400,GEN_ALL_01,
5,[Coupons - filter] Listar filtros de cupones con X-Device-Id mayor a carateres permitidos - resultado 400,977137696,111111,1234567890qwertyuiop1234567890qwertyuiop1234567890qwertyuiop1234567890qwertyuiop1234567890qwertyuiop1234567890qwertyuiop1234567890qwertyuiop1234567890qwertyuiop1234567890qwertyuiop1234567890qwertyuiop1234567890qwertyuiop1234567890qwertyuiop1234567890qwertyuiop1234567890qwertyuiop1234567890qwertyuiop1,AND,7780216a-3ccb-38e6-a457-ace9052f0fd8,CUS,eyJhbGciOiJIUzUxMiJ9.eyJEQVRBIjoie1wiZGV2aWNlSWRcIjpcIjEyMlwiLFwicGxhdGZvcm1cIjpcIklPU1wiLFwiYXBwbGljYXRpb25cIjpcIkNVU1wiLFwicGhvbmVcIjpcIjkxNDk5NTgwNFwiLFwiZW1haWxcIjpcInR1bmtpQHR1bmtpLmNvbVwiLFwib3RwXCI6XCI4NTIzXCIsXCJzdGVwXCI6XCJTVEVQXzFcIn0iLCJleHAiOjE1Njk0NTM5Mjh9.SGMnphI5N4it4rFA6qMUUsVaDa_1PzCoqq9LkGYrJNZR5dcpEm5jS8ymyyelkTe1shatX0MVAYT6KQ6cAYEfrA,400,GEN_ALL_01,
6,[Coupons - filter] Listar filtros de cupones con X-Platform en blanco - resultado 400,977137796,111111,PF0NGDtS1sn1qq7cv3UEE4beK8xGYEPlRzViLAAaBn0SQta,,7780216a-3ccb-38e6-a457-ace9052f0fd8,CUS,eyJhbGciOiJIUzUxMiJ9.eyJEQVRBIjoie1wiZGV2aWNlSWRcIjpcIjEyMlwiLFwicGxhdGZvcm1cIjpcIklPU1wiLFwiYXBwbGljYXRpb25cIjpcIkNVU1wiLFwicGhvbmVcIjpcIjkxNDk5NTgwNFwiLFwiZW1haWxcIjpcInR1bmtpQHR1bmtpLmNvbVwiLFwib3RwXCI6XCI4NTIzXCIsXCJzdGVwXCI6XCJTVEVQXzFcIn0iLCJleHAiOjE1Njk0NTM5Mjh9.SGMnphI5N4it4rFA6qMUUsVaDa_1PzCoqq9LkGYrJNZR5dcpEm5jS8ymyyelkTe1shatX0MVAYT6KQ6cAYEfrA,400,GEN_ALL_01,
7,[Coupons - filter] Listar filtros de cupones con X-Platform caracteres especiales - resultado 400,977137796,111111,PF0NGDtS1sn1qq7cv3UEE4beK8xGYEPlRzViLAAaBn0SQta,#$&,7780216a-3ccb-38e6-a457-ace9052f0fd8,COM,eyJhbGciOiJIUzUxMiJ9.eyJEQVRBIjoie1wiZGV2aWNlSWRcIjpcIjEyMlwiLFwicGxhdGZvcm1cIjpcIklPU1wiLFwiYXBwbGljYXRpb25cIjpcIkNVU1wiLFwicGhvbmVcIjpcIjkxNDk5NTgwNFwiLFwiZW1haWxcIjpcInR1bmtpQHR1bmtpLmNvbVwiLFwib3RwXCI6XCI4NTIzXCIsXCJzdGVwXCI6XCJTVEVQXzFcIn0iLCJleHAiOjE1Njk0NTM5Mjh9.SGMnphI5N4it4rFA6qMUUsVaDa_1PzCoqq9LkGYrJNZR5dcpEm5jS8ymyyelkTe1shatX0MVAYT6KQ6cAYEfrA,400,GEN_ALL_01,
8,[Coupons - filter] Listar filtros de cupones con X-Platform menor a carateres permitidos - resultado 400,977137796,111111,PF0NGDtS1sn1qq7cv3UEE4beK8xGYEPlRzViLAAaBn0SQta,IO,7780216a-3ccb-38e6-a457-ace9052f0fd8,CUS,eyJhbGciOiJIUzUxMiJ9.eyJEQVRBIjoie1wiZGV2aWNlSWRcIjpcIjEyMlwiLFwicGxhdGZvcm1cIjpcIklPU1wiLFwiYXBwbGljYXRpb25cIjpcIkNVU1wiLFwicGhvbmVcIjpcIjkxNDk5NTgwNFwiLFwiZW1haWxcIjpcInR1bmtpQHR1bmtpLmNvbVwiLFwib3RwXCI6XCI4NTIzXCIsXCJzdGVwXCI6XCJTVEVQXzFcIn0iLCJleHAiOjE1Njk0NTM5Mjh9.SGMnphI5N4it4rFA6qMUUsVaDa_1PzCoqq9LkGYrJNZR5dcpEm5jS8ymyyelkTe1shatX0MVAYT6KQ6cAYEfrA,400,GEN_ALL_01,
9,[Coupons - filter] Listar filtros de cupones con X-Platform mayor a carateres permitidos - resultado 400,977137796,111111,PF0NGDtS1sn1qq7cv3UEE4beK8xGYEPlRzViLAAaBn0SQta,ANDR,7780216a-3ccb-38e6-a457-ace9052f0fd8,CUS,eyJhbGciOiJIUzUxMiJ9.eyJEQVRBIjoie1wiZGV2aWNlSWRcIjpcIjEyMlwiLFwicGxhdGZvcm1cIjpcIklPU1wiLFwiYXBwbGljYXRpb25cIjpcIkNVU1wiLFwicGhvbmVcIjpcIjkxNDk5NTgwNFwiLFwiZW1haWxcIjpcInR1bmtpQHR1bmtpLmNvbVwiLFwib3RwXCI6XCI4NTIzXCIsXCJzdGVwXCI6XCJTVEVQXzFcIn0iLCJleHAiOjE1Njk0NTM5Mjh9.SGMnphI5N4it4rFA6qMUUsVaDa_1PzCoqq9LkGYrJNZR5dcpEm5jS8ymyyelkTe1shatX0MVAYT6KQ6cAYEfrA,400,GEN_ALL_01,
10,[Coupons - filter] Listar filtros de cupones con X-Application en blanco - resultado 400,977137796,111111,PF0NGDtS1sn1qq7cv3UEE4beK8xGYEPlRzViLAAaBn0SQta,IOS,7780216a-3ccb-38e6-a457-ace9052f0fd8,,eyJhbGciOiJIUzUxMiJ9.eyJEQVRBIjoie1wiZGV2aWNlSWRcIjpcIjEyMlwiLFwicGxhdGZvcm1cIjpcIklPU1wiLFwiYXBwbGljYXRpb25cIjpcIkNVU1wiLFwicGhvbmVcIjpcIjkxNDk5NTgwNFwiLFwiZW1haWxcIjpcInR1bmtpQHR1bmtpLmNvbVwiLFwib3RwXCI6XCI4NTIzXCIsXCJzdGVwXCI6XCJTVEVQXzFcIn0iLCJleHAiOjE1Njk0NTM5Mjh9.SGMnphI5N4it4rFA6qMUUsVaDa_1PzCoqq9LkGYrJNZR5dcpEm5jS8ymyyelkTe1shatX0MVAYT6KQ6cAYEfrA,400,GEN_ALL_01,
11,[Coupons - filter] Listar filtros de cupones con X-Application caracteres especiales - resultado 400,977137696,111111,PF0NGDtS1sn1qq7cv3UEE4beK8xGYEPlRzViLAAaBn0SQta,AND,7780216a-3ccb-38e6-a457-ace9052f0fd8,.$+,eyJhbGciOiJIUzUxMiJ9.eyJEQVRBIjoie1wiZGV2aWNlSWRcIjpcIjEyMlwiLFwicGxhdGZvcm1cIjpcIklPU1wiLFwiYXBwbGljYXRpb25cIjpcIkNVU1wiLFwicGhvbmVcIjpcIjkxNDk5NTgwNFwiLFwiZW1haWxcIjpcInR1bmtpQHR1bmtpLmNvbVwiLFwib3RwXCI6XCI4NTIzXCIsXCJzdGVwXCI6XCJTVEVQXzFcIn0iLCJleHAiOjE1Njk0NTM5Mjh9.SGMnphI5N4it4rFA6qMUUsVaDa_1PzCoqq9LkGYrJNZR5dcpEm5jS8ymyyelkTe1shatX0MVAYT6KQ6cAYEfrA,400,GEN_ALL_01,
12,[Coupons - filter] Listar filtros de cupones con X-Application menor a carateres permitidos - resultado 400,977137796,111111,PF0NGDtS1sn1qq7cv3UEE4beK8xGYEPlRzViLAAaBn0SQta,IOS,7780216a-3ccb-38e6-a457-ace9052f0fd8,CO,eyJhbGciOiJIUzUxMiJ9.eyJEQVRBIjoie1wiZGV2aWNlSWRcIjpcIjEyMlwiLFwicGxhdGZvcm1cIjpcIklPU1wiLFwiYXBwbGljYXRpb25cIjpcIkNVU1wiLFwicGhvbmVcIjpcIjkxNDk5NTgwNFwiLFwiZW1haWxcIjpcInR1bmtpQHR1bmtpLmNvbVwiLFwib3RwXCI6XCI4NTIzXCIsXCJzdGVwXCI6XCJTVEVQXzFcIn0iLCJleHAiOjE1Njk0NTM5Mjh9.SGMnphI5N4it4rFA6qMUUsVaDa_1PzCoqq9LkGYrJNZR5dcpEm5jS8ymyyelkTe1shatX0MVAYT6KQ6cAYEfrA,400,GEN_ALL_01,
13,[Coupons - filter] Listar filtros de cupones con X-Application mayor a carateres permitidos - resultado 400,977137796,111111,PF0NGDtS1sn1qq7cv3UEE4beK8xGYEPlRzViLAAaBn0SQta,AND,7780216a-3ccb-38e6-a457-ace9052f0fd8,CUST,eyJhbGciOiJIUzUxMiJ9.eyJEQVRBIjoie1wiZGV2aWNlSWRcIjpcIjEyMlwiLFwicGxhdGZvcm1cIjpcIklPU1wiLFwiYXBwbGljYXRpb25cIjpcIkNVU1wiLFwicGhvbmVcIjpcIjkxNDk5NTgwNFwiLFwiZW1haWxcIjpcInR1bmtpQHR1bmtpLmNvbVwiLFwib3RwXCI6XCI4NTIzXCIsXCJzdGVwXCI6XCJTVEVQXzFcIn0iLCJleHAiOjE1Njk0NTM5Mjh9.SGMnphI5N4it4rFA6qMUUsVaDa_1PzCoqq9LkGYrJNZR5dcpEm5jS8ymyyelkTe1shatX0MVAYT6KQ6cAYEfrA,400,GEN_ALL_01,
14,[Coupons - filter] Listar filtros de cupones con Authorization en blanco - resultado 401,977137796,111111,PF0NGDtS1sn1qq7cv3UEE4beK8xGYEPlRzViLAAaBn0SQta,IOS,7780216a-3ccb-38e6-a457-ace9052f0fd8,CUS,,401,GEN_ALL_01,NO
15,[Coupons - filter] Listar filtros de cupones con Authorization inexistente - resultado 401,977137796,111111,PF0NGDtS1sn1qq7cv3UEE4beK8xGYEPlRzViLAAaBn0SQta,IOS,7780216a-3ccb-38e6-a457-ace9052f0fd8,CUS,9237652323523uywetweuieiuewtuiwet98329827389572385iweiuweiuewyet983279823iueiuet,401,GEN_ALL_04,NO
16,[Coupons - filter] Listar filtros de cupones con clientId en blanco - resultado 401,977137796,111111,PF0NGDtS1sn1qq7cv3UEE4beK8xGYEPlRzViLAAaBn0SQta,AND,,CUS,eyJhbGciOiJIUzUxMiJ9.eyJEQVRBIjoie1wiZGV2aWNlSWRcIjpcIjEyMlwiLFwicGxhdGZvcm1cIjpcIklPU1wiLFwiYXBwbGljYXRpb25cIjpcIkNVU1wiLFwicGhvbmVcIjpcIjkxNDk5NTgwNFwiLFwiZW1haWxcIjpcInR1bmtpQHR1bmtpLmNvbVwiLFwib3RwXCI6XCI4NTIzXCIsXCJzdGVwXCI6XCJTVEVQXzFcIn0iLCJleHAiOjE1Njk0NTM5Mjh9.SGMnphI5N4it4rFA6qMUUsVaDa_1PzCoqq9LkGYrJNZR5dcpEm5jS8ymyyelkTe1shatX0MVAYT6KQ6cAYEfrA,401,GEN_ALL_01,
17,[Coupons - filter] Listar filtros de cupones con  clientId con caracteres especiales - resultado 401,977137796,111111,PF0NGDtS1sn1qq7cv3UEE4beK8xGYEPlRzViLAAaBn0SQta,IOS,%&%$216a-3ccb-38e6-a457-ace9052f0fd8,CUS,eyJhbGciOiJIUzUxMiJ9.eyJEQVRBIjoie1wiZGV2aWNlSWRcIjpcIjEyMlwiLFwicGxhdGZvcm1cIjpcIklPU1wiLFwiYXBwbGljYXRpb25cIjpcIkNVU1wiLFwicGhvbmVcIjpcIjkxNDk5NTgwNFwiLFwiZW1haWxcIjpcInR1bmtpQHR1bmtpLmNvbVwiLFwib3RwXCI6XCI4NTIzXCIsXCJzdGVwXCI6XCJTVEVQXzFcIn0iLCJleHAiOjE1Njk0NTM5Mjh9.SGMnphI5N4it4rFA6qMUUsVaDa_1PzCoqq9LkGYrJNZR5dcpEm5jS8ymyyelkTe1shatX0MVAYT6KQ6cAYEfrA,401,GEN_ALL_01,NO
18,[Coupons - filter] Listar filtros de cupones con clientId incorrecto - resultado 401,977137696,111111,PF0NGDtS1sn1qq7cv3UEE4beK8xGYEPlRzViLAAaBn0SQta,IOS,7780216a-3ccb-1111-a457-ace9052f0fd8,CUS,eyJhbGciOiJIUzUxMiJ9.eyJEQVRBIjoie1wiZGV2aWNlSWRcIjpcIjEyMlwiLFwicGxhdGZvcm1cIjpcIklPU1wiLFwiYXBwbGljYXRpb25cIjpcIkNVU1wiLFwicGhvbmVcIjpcIjkxNDk5NTgwNFwiLFwiZW1haWxcIjpcInR1bmtpQHR1bmtpLmNvbVwiLFwib3RwXCI6XCI4NTIzXCIsXCJzdGVwXCI6XCJTVEVQXzFcIn0iLCJleHAiOjE1Njk0NTM5Mjh9.SGMnphI5N4it4rFA6qMUUsVaDa_1PzCoqq9LkGYrJNZR5dcpEm5jS8ymyyelkTe1shatX0MVAYT6KQ6cAYEfrA,401,GEN_ALL_04,NO
